time,position,velocity,acceleration
0.431233,0,0,0
0.43133,0,0,0
0.43135,0,0,0
0.431367,0,0,0
0.431383,0,0,0
0.431399,0,0,0
0.431418,0,0,0
0.431443,0,0,0
0.431467,0,0,0
0.431494,0,0,0
0.431512,0,0,0
0.443751,0,0,0
0.473775,0,0,0
0.503675,0,0,0
0.533745,0,0,0
0.563713,0,0,0
0.593782,0,0,0
0.623815,0,0,0
0.653872,0,0,0
0.683887,0,0,0
0.71373,0,0,0
0.74393,0,0,0
0.773712,0,0,0
0.803827,0,0,0
0.83375,0,0,0
0.863861,0,0,0
0.894008,0,0,0
0.923658,0,0,0
0.953755,0,0,0
0.983768,0,0,0
1.01393,0,0,0
1.04391,0,0,0
1.07395,0,0,0
1.10421,0,0,0
1.13378,0,0,0
1.16425,0,0,0
1.19387,0,0,0
1.22392,0,0,0
1.25376,0,0,0
1.28375,0,0,0
1.31377,0,0,0
1.344,0,0,0
1.37384,0,0,0
1.40377,0,0,0
1.43383,0,0,0
1.4638,0,0,0
1.49394,0,0,0
1.52392,0,0,0
1.55384,0,0,0
1.58376,0,0,0
1.61388,0,0,0
1.64387,0,0,0
1.674,0,0,0
1.70389,0,0,0
1.73392,0,0,0
1.7638,0,0,0
1.79387,0,0,0
1.82379,0,0,0
1.85421,0,0,0
1.8839,0,0,0
1.91388,0,0,0
1.94407,0,0,0
1.97399,0,0,0
2.00397,0,0,0
2.03383,0,0,0
2.06387,0,0,0
2.09417,0,0,0
2.12378,0,0,0
2.15388,0,0,0
2.1838,0,0,0
2.21374,0,0,0
2.24395,0,0,0
2.27383,0,0,0
2.30384,0,0,0
2.33383,0,0,0
2.36379,0,0,0
2.39373,0,0,0
2.4237,0,0,0
2.4537,0,0,0
2.48392,0,0,0
2.51383,0,0,0
2.54376,0,0,0
2.57396,0,0,0
2.60389,0,0,0
2.63384,0,0,0
2.66372,0,0,0
2.69389,0,0,0
2.72383,0,0,0
2.7541,0,0,0
2.78373,0,0,0
2.81395,0,0,0
2.84388,0,0,0
2.87395,0,0,0
2.90406,0,0,0
2.93379,0,0,0
2.96369,0,0,0
2.99385,0,0,0
3.02383,0,0,0
3.05386,0,0,0
3.08411,0,0,0
3.1141,0,0,0
3.14385,0,0,0
3.17371,0,0,0
3.20378,0,0,0
3.23384,0,0,0
3.26396,0,0,0
3.29375,0,0,0
3.3239,0,0,0
3.35368,0,0,0
3.38366,0,0,0
3.4138,0,0,0
3.44393,0,0,0
3.47364,0,0,0
3.50379,0,0,0
3.53398,0,0,0
3.56396,0,0,0
3.59388,0,0,0
3.62389,0,0,0
3.65398,0,0,0
3.68419,0,0,0
3.71385,0,0,0
3.74392,0,0,0
3.77391,0,0,0
3.80395,0,0,0
3.83318,2.65843e-05,0.000909369,0.0311068
3.83351,2.65843e-05,0,-2.74949
3.86386,2.65843e-05,0,0
3.8656,0.0724905,41.5134,23782.3
3.89436,0.0724905,0,-1443.5
3.89698,0.170691,37.5194,14335
3.92375,0.170691,0,-1401.83
3.92902,0.307852,26.0077,4931.43
3.95387,0.307852,0,-1046.7
3.96202,0.428315,14.7715,1811.33
3.98374,0.428315,0,-680.215
3.9929,0.519471,9.94421,1084.81
4.01371,0.519471,0,-478.066
4.02521,0.53283,1.16173,101.025
4.04405,0.53283,0,-61.6552
4.05735,0.526264,-0.493535,-37.0977
4.0741,0.526264,0,29.4725
4.08939,0.51687,-0.614304,-40.1714
4.10387,0.51687,0,42.415
4.12108,0.50193,-0.86838,-50.4712
4.13392,0.50193,0,67.6236
4.15321,0.495304,-0.343458,-17.804
4.16386,0.495304,0,32.2534
4.18582,0.495304,0,0
4.19415,0.495304,0,0
4.21771,0.495304,0,0
4.22373,0.495304,0,0
4.24997,0.495304,0,0
4.25373,0.495304,0,0
4.28107,0.495304,0,0
4.28371,0.495304,0,0
4.31368,0.495304,0,0
4.314,0.495304,0,0
4.34421,0.495304,0,0
4.34597,0.495304,0,0
4.37384,0.495304,0,0
4.378,0.495304,0,0
4.40394,0.495304,0,0
4.41011,0.495304,0,0
4.43388,0.495304,0,0
4.44177,0.495304,0,0
4.46383,0.495304,0,0
4.47404,0.495304,0,0
4.4938,0.495304,0,0
4.50527,0.495304,0,0
4.52381,0.495304,0,0
4.53777,0.495304,0,0
4.55394,0.495304,0,0
4.56949,0.495304,0,0
4.58378,0.495304,0,0
4.60226,0.495304,0,0
4.6138,0.495304,0,0
4.63384,0.495304,0,0
4.64372,0.495304,0,0
4.66584,0.495304,0,0
4.67387,0.495304,0,0
4.69742,0.495304,0,0
4.70367,0.495304,0,0
4.73012,0.495304,0,0
4.73379,0.495304,0,0
4.76177,0.495304,0,0
4.76349,0.495304,0,0
4.79327,0.495304,0,0
4.79346,0.495304,0,0
4.82389,0.495304,0,0
4.82541,0.495304,0,0
4.85378,0.495304,0,0
4.85697,0.495304,0,0
4.88386,0.495304,0,0
4.88906,0.495304,0,0
4.91398,0.495304,0,0
4.92187,0.495304,0,0
4.94379,0.495304,0,0
4.95301,0.495304,0,0
4.97368,0.495304,0,0
4.98584,0.495304,0,0
5.00403,0.495304,0,0
5.01782,0.495304,0,0
5.0338,0.495304,0,0
5.0504,0.495304,0,0
5.06377,0.495304,0,0
5.08209,0.495304,0,0
5.09413,0.495304,0,0
5.11409,0.495304,0,0
5.12398,0.495304,0,0
5.14582,0.495304,0,0
5.15361,0.495304,0,0
5.17771,0.495304,0,0
5.18368,0.495304,0,0
5.19195,0.495304,0,0
5.21393,0.495304,0,0
5.24379,0.495304,0,0
5.27372,0.495304,0,0
5.30372,0.495304,0,0
5.33393,0.495304,0,0
5.36396,0.495304,0,0
5.39384,0.495304,0,0
5.42368,0.495304,0,0
5.45388,0.495304,0,0
5.48375,0.495304,0,0
5.51396,0.495304,0,0
5.54373,0.495304,0,0
5.5738,0.495304,0,0
5.60381,0.495304,0,0
5.63405,0.495304,0,0
5.66393,0.495304,0,0
5.69397,0.495304,0,0
5.72381,0.495304,0,0
5.75398,0.495304,0,0
5.7841,0.495304,0,0
5.81447,0.495304,0,0
5.84453,0.495304,0,0
5.87381,0.495304,0,0
5.90429,0.495304,0,0
5.93403,0.495304,0,0
5.96393,0.495304,0,0
5.99395,0.495304,0,0
6.024,0.495304,0,0
6.05374,0.495304,0,0
6.08388,0.495304,0,0
6.11386,0.495304,0,0
6.14387,0.495304,0,0
6.1737,0.495304,0,0
6.20398,0.495304,0,0
6.23378,0.495304,0,0
6.2639,0.495304,0,0
6.29392,0.495304,0,0
6.32395,0.495304,0,0
6.3539,0.495304,0,0
6.38403,0.495304,0,0
6.41387,0.495304,0,0
6.44383,0.495304,0,0
6.47385,0.495304,0,0
6.50381,0.495304,0,0
6.53394,0.495304,0,0
6.56368,0.495304,0,0
6.59405,0.495304,0,0
6.62392,0.495304,0,0
6.65372,0.495304,0,0
6.68388,0.495304,0,0
6.71411,0.495304,0,0
6.74377,0.495304,0,0
6.77382,0.495304,0,0
6.8039,0.495304,0,0
6.83382,0.495304,0,0
6.86379,0.495304,0,0
6.89395,0.495304,0,0
6.92379,0.495304,0,0
6.95436,0.495304,0,0
6.98385,0.495304,0,0
7.01383,0.495304,0,0
7.04394,0.495304,0,0
7.07381,0.495304,0,0
7.10376,0.495304,0,0
7.13379,0.495304,0,0
7.16374,0.495304,0,0
7.19378,0.495304,0,0
7.22378,0.495304,0,0
7.25402,0.495304,0,0
7.28382,0.495304,0,0
7.31376,0.495304,0,0
7.34401,0.495304,0,0
7.37389,0.495304,0,0
7.40376,0.495304,0,0
7.43401,0.495304,0,0
7.46391,0.495304,0,0
7.49367,0.495304,0,0
7.52388,0.495304,0,0
7.55413,0.495304,0,0
7.58389,0.495304,0,0
7.61378,0.495304,0,0
7.64398,0.495304,0,0
7.67363,0.495304,0,0
7.7039,0.495304,0,0
7.73397,0.495304,0,0
7.76372,0.495304,0,0
7.79375,0.495304,0,0
7.8241,0.495304,0,0
7.8538,0.495304,0,0
7.88384,0.495304,0,0
7.91389,0.495304,0,0
7.94382,0.495304,0,0
7.97385,0.495304,0,0
8.00415,0.495304,0,0
8.03428,0.495304,0,0
8.06374,0.495304,0,0
8.09384,0.495304,0,0
8.12373,0.495304,0,0
8.15403,0.495304,0,0
8.18421,0.495304,0,0
8.21399,0.495304,0,0
8.24418,0.495304,0,0
8.27385,0.495304,0,0
8.30392,0.495304,0,0
8.3341,0.495304,0,0
8.36399,0.495304,0,0
8.39387,0.495304,0,0
8.42382,0.495304,0,0
8.45374,0.495304,0,0
8.48377,0.495304,0,0
8.51377,0.495304,0,0
8.54394,0.495304,0,0
8.57397,0.495304,0,0
8.60377,0.495304,0,0
8.63388,0.495304,0,0
8.66372,0.495304,0,0
8.69378,0.495304,0,0
8.72394,0.495304,0,0
8.75398,0.495304,0,0
8.78389,0.495304,0,0
8.81388,0.495304,0,0
8.84385,0.495304,0,0
8.87382,0.495304,0,0
8.90395,0.495304,0,0
8.93385,0.495304,0,0
8.96385,0.495304,0,0
8.9937,0.495304,0,0
9.02377,0.495304,0,0
9.05392,0.495304,0,0
9.0838,0.495304,0,0
9.11376,0.495304,0,0
9.14371,0.495304,0,0
9.17381,0.495304,0,0
9.20384,0.495304,0,0
9.23385,0.495304,0,0
9.26387,0.495304,0,0
9.29374,0.495304,0,0
9.32372,0.495304,0,0
9.35405,0.495304,0,0
9.38394,0.495304,0,0
9.41385,0.495304,0,0
9.4438,0.495304,0,0
9.47378,0.495304,0,0
9.50408,0.495304,0,0
9.53402,0.495304,0,0
9.56416,0.495304,0,0
9.59387,0.495304,0,0
9.62376,0.495304,0,0
9.65392,0.495304,0,0
9.68387,0.495304,0,0
9.7138,0.495304,0,0
9.74404,0.495304,0,0
9.7739,0.495304,0,0
9.80428,0.495304,0,0
9.83377,0.495304,0,0
9.86387,0.495304,0,0
9.89405,0.495304,0,0
9.92381,0.495304,0,0
9.95439,0.495304,0,0
9.98393,0.495304,0,0
10.0139,0.495304,0,0
10.0441,0.495304,0,0
10.0739,0.495304,0,0
10.1041,0.495304,0,0
10.1338,0.495304,0,0
10.1641,0.495304,0,0
10.1942,0.495304,0,0
10.224,0.495304,0,0
10.2539,0.495304,0,0
10.284,0.495304,0,0
10.3139,0.495304,0,0
10.3441,0.495304,0,0
10.3738,0.495304,0,0
10.4039,0.495304,0,0
10.4338,0.495304,0,0
10.4638,0.495304,0,0
10.494,0.495304,0,0
10.5239,0.495304,0,0
10.5538,0.495304,0,0
10.584,0.495304,0,0
10.6138,0.495304,0,0
10.6439,0.495304,0,0
10.6739,0.495304,0,0
10.7046,0.495304,0,0
10.7339,0.495304,0,0
10.7637,0.495304,0,0
10.7941,0.495304,0,0
10.8242,0.495304,0,0
10.8539,0.495304,0,0
10.8839,0.495304,0,0
10.914,0.495304,0,0
10.9439,0.495304,0,0
10.9738,0.495304,0,0
11.0039,0.495304,0,0
11.0339,0.495304,0,0
11.0637,0.495304,0,0
11.0939,0.495304,0,0
11.1238,0.495304,0,0
11.1538,0.495304,0,0
11.1841,0.495304,0,0
11.2141,0.495304,0,0
11.2439,0.495304,0,0
11.2738,0.495304,0,0
11.3039,0.495304,0,0
11.3339,0.495304,0,0
11.364,0.495304,0,0
11.3941,0.495304,0,0
11.4238,0.495304,0,0
11.4539,0.495304,0,0
11.4839,0.495304,0,0
11.5139,0.495304,0,0
11.544,0.495304,0,0
11.5738,0.495304,0,0
11.604,0.495304,0,0
11.6341,0.495304,0,0
11.6636,0.495304,0,0
11.6939,0.495304,0,0
11.7238,0.495304,0,0
11.7537,0.495304,0,0
11.7838,0.495304,0,0
11.8138,0.495304,0,0
11.844,0.495304,0,0
11.8737,0.495304,0,0
11.9039,0.495304,0,0
11.9339,0.495304,0,0
11.9638,0.495304,0,0
11.9938,0.495304,0,0
12.0239,0.495304,0,0
12.054,0.495304,0,0
12.0838,0.495304,0,0
12.1138,0.495304,0,0
12.1438,0.495304,0,0
12.1737,0.495304,0,0
12.2038,0.495304,0,0
12.2339,0.495304,0,0
12.2637,0.495304,0,0
12.2939,0.495304,0,0
12.3238,0.495304,0,0
12.3543,0.495304,0,0
12.3838,0.495304,0,0
12.4139,0.495304,0,0
12.4437,0.495304,0,0
12.4739,0.495304,0,0
12.5038,0.495304,0,0
12.5338,0.495304,0,0
12.5639,0.495304,0,0
12.5939,0.495304,0,0
12.6238,0.495304,0,0
12.6537,0.495304,0,0
12.6839,0.495304,0,0
12.7139,0.495304,0,0
12.7441,0.495304,0,0
12.774,0.495304,0,0
12.8038,0.495304,0,0
12.8338,0.495304,0,0
12.8638,0.495304,0,0
12.894,0.495304,0,0
12.9237,0.495304,0,0
12.9537,0.495304,0,0
12.9843,0.495304,0,0
13.014,0.495304,0,0
13.0441,0.495304,0,0
13.0739,0.495304,0,0
13.1039,0.495304,0,0
13.1339,0.495304,0,0
13.1638,0.495304,0,0
13.1939,0.495304,0,0
13.2238,0.495304,0,0
13.2541,0.495304,0,0
13.284,0.495304,0,0
13.3139,0.495304,0,0
13.3437,0.495304,0,0
13.3738,0.495304,0,0
13.4038,0.495304,0,0
13.434,0.495304,0,0
13.4638,0.495304,0,0
13.4939,0.495304,0,0
13.5239,0.495304,0,0
13.5543,0.495304,0,0
13.5837,0.495304,0,0
13.6139,0.495304,0,0
13.6442,0.495304,0,0
13.674,0.495304,0,0
13.7041,0.495304,0,0
13.7338,0.495304,0,0
13.7638,0.495304,0,0
13.794,0.495304,0,0
13.8239,0.495304,0,0
13.8539,0.495304,0,0
13.8839,0.495304,0,0
13.9139,0.495304,0,0
13.9439,0.495304,0,0
13.9739,0.495304,0,0
14.0039,0.495304,0,0
14.0339,0.495304,0,0
14.0637,0.495304,0,0
14.0939,0.495304,0,0
14.1238,0.495304,0,0
14.1538,0.495304,0,0
14.184,0.495304,0,0
14.2141,0.495304,0,0
14.2441,0.495304,0,0
14.2739,0.495304,0,0
14.3041,0.495304,0,0
14.3339,0.495304,0,0
14.364,0.495304,0,0
14.3938,0.495304,0,0
14.4237,0.495304,0,0
14.4542,0.495304,0,0
14.484,0.495304,0,0
14.514,0.495304,0,0
14.5438,0.495304,0,0
14.5739,0.495304,0,0
14.6039,0.495304,0,0
14.6341,0.495304,0,0
14.664,0.495304,0,0
14.6938,0.495304,0,0
14.724,0.495304,0,0
14.7543,0.495304,0,0
14.7839,0.495304,0,0
14.8138,0.495304,0,0
14.8438,0.495304,0,0
14.8738,0.495304,0,0
14.9038,0.495304,0,0
14.9337,0.495304,0,0
14.9638,0.495304,0,0
14.9939,0.495304,0,0
15.0239,0.495304,0,0
15.0539,0.495304,0,0
15.0841,0.495304,0,0
15.114,0.495304,0,0
15.144,0.495304,0,0
15.1737,0.495304,0,0
15.204,0.495304,0,0
15.2339,0.495304,0,0
15.2639,0.495304,0,0
15.2938,0.495304,0,0
15.3239,0.495304,0,0
15.3538,0.495304,0,0
15.3837,0.495304,0,0
15.4139,0.495304,0,0
15.4439,0.495304,0,0
15.474,0.495304,0,0
15.5039,0.495304,0,0
15.5338,0.495304,0,0
15.5638,0.495304,0,0
15.5941,0.495304,0,0
15.6241,0.495304,0,0
15.6538,0.495304,0,0
15.6841,0.495304,0,0
15.714,0.495304,0,0
15.7438,0.495304,0,0
15.7739,0.495304,0,0
15.8039,0.495304,0,0
15.8337,0.495304,0,0
15.8638,0.495304,0,0
15.8939,0.495304,0,0
15.9238,0.495304,0,0
15.9539,0.495304,0,0
15.984,0.495304,0,0
16.0138,0.495304,0,0
16.0439,0.495304,0,0
16.0741,0.495304,0,0
16.1039,0.495304,0,0
16.1339,0.495304,0,0
16.1637,0.495304,0,0
16.194,0.495304,0,0
16.2239,0.495304,0,0
16.2539,0.495304,0,0
16.284,0.495304,0,0
16.3138,0.495304,0,0
16.3436,0.495304,0,0
16.3738,0.495304,0,0
16.4037,0.495304,0,0
16.4341,0.495304,0,0
16.4637,0.495304,0,0
16.4939,0.495304,0,0
16.5238,0.495304,0,0
16.5538,0.495304,0,0
16.5839,0.495304,0,0
16.6139,0.495304,0,0
16.6439,0.495304,0,0
16.6737,0.495304,0,0
16.704,0.495304,0,0
16.7338,0.495304,0,0
16.7638,0.495304,0,0
16.794,0.495304,0,0
16.8241,0.495304,0,0
16.8539,0.495304,0,0
16.8838,0.495304,0,0
16.914,0.495304,0,0
16.9438,0.495304,0,0
16.9738,0.495304,0,0
17.0039,0.495304,0,0
17.0338,0.495304,0,0
17.0638,0.495304,0,0
17.0938,0.495304,0,0
17.1239,0.495304,0,0
17.1539,0.495304,0,0
17.184,0.495304,0,0
17.2141,0.495304,0,0
17.2439,0.495304,0,0
17.2737,0.495304,0,0
17.304,0.495304,0,0
17.3339,0.495304,0,0
17.364,0.495304,0,0
17.394,0.495304,0,0
17.4238,0.495304,0,0
17.454,0.495304,0,0
17.4839,0.495304,0,0
17.5139,0.495304,0,0
17.544,0.495304,0,0
17.5739,0.495304,0,0
17.6041,0.495304,0,0
17.6338,0.495304,0,0
17.6638,0.495304,0,0
17.6938,0.495304,0,0
17.7238,0.495304,0,0
17.7539,0.495304,0,0
17.7838,0.495304,0,0
17.8139,0.495304,0,0
17.8438,0.495304,0,0
17.8739,0.495304,0,0
17.882,0.495314,0.00123614,0.152191
17.9039,0.495314,0,-0.0565101
17.9133,0.507968,1.35011,144.045
17.9342,0.507968,0,-64.5546
17.9462,0.52555,1.46094,121.398
17.9638,0.52555,0,-83.0347
17.9781,0.528366,0.197368,13.8299
17.9943,0.528366,0,-12.1745
18.0104,0.495777,-2.01789,-124.944
18.0245,0.495777,0,143.343
18.0424,0.465799,-1.67199,-93.2529
18.054,0.465799,0,144.288
18.0737,0.427296,-1.96132,-99.91
18.0841,0.427296,0,188.691
18.1058,0.363384,-2.94322,-135.539
18.114,0.363384,0,357.066
18.1375,0.302145,-2.60736,-111.011
18.1438,0.302145,0,415.499
18.1701,0.281102,-0.798021,-30.2638
18.1736,0.281102,0,229.96
18.2024,0.281102,0,0
18.2036,0.281102,0,0
18.2336,0.276838,-0.141942,-4.72517
18.2337,0.276838,0,0
18.2638,0.276838,0,0
18.2657,0.250109,-14.4879,-7852.79
18.2937,0.250109,0,515.757
18.2974,0.188191,-17.137,-4743.02
18.324,0.188191,0,644.377
18.3291,0.125613,-12.0856,-2334.05
18.3537,0.125613,0,491.96
18.362,0.08666,-4.6876,-564.11
18.3837,0.08666,0,215.674
18.3937,0.06358,-2.32067,-233.341
18.4138,0.06358,0,115.124
18.4256,0.0517125,-1.01102,-86.1309
18.4439,0.0517125,0,55.2845
18.4575,0.0397039,-0.879459,-64.408
18.4738,0.0397039,0,53.9363
18.4904,0.0276066,-0.728046,-43.8157
18.5039,0.0276066,0,54.2845
18.5221,0.0276066,0,0
18.5338,0.0276066,0,0
18.5537,0.0214694,-0.308502,-15.5076
18.5637,0.0214694,0,30.7898
18.5711,0.0214694,0,0
18.5937,0.0214694,0,0
18.6238,0.0214694,0,0
18.6538,0.0214694,0,0
18.6838,0.0214694,0,0
18.7141,0.0214694,0,0
18.744,0.0214694,0,0
18.7738,0.0214694,0,0
18.8038,0.0214694,0,0
18.8338,0.0214694,0,0
18.864,0.0214694,0,0
18.8937,0.0214694,0,0
18.9239,0.0214694,0,0
18.9538,0.0214694,0,0
18.9839,0.0214694,0,0
19.0138,0.0214694,0,0
19.0437,0.0214694,0,0
19.0738,0.0214694,0,0
19.1036,0.0214694,0,0
19.1343,0.0214694,0,0
19.1638,0.0214694,0,0
19.1938,0.0214694,0,0
19.2239,0.0214694,0,0
19.2539,0.0214694,0,0
19.2837,0.0214694,0,0
19.3138,0.0214694,0,0
19.3438,0.0214694,0,0
19.3542,0.00150155,-1.91695,-184.031
19.3737,0.00150155,0,98.4301
19.3855,-0.0397096,-3.48795,-295.205
19.4038,-0.0397096,0,190.517
19.4172,-0.104706,-4.84373,-360.968
19.4339,-0.104706,0,291.119
19.4499,-0.165492,-3.80698,-238.428
19.4638,-0.165492,0,272.977
19.4814,-0.205196,-2.25698,-128.299
19.4938,-0.205196,0,182.42
19.514,-0.237544,-1.59642,-78.7861
19.5239,-0.237544,0,161.49
19.545,-0.262607,-1.18616,-56.1385
19.5539,-0.262607,0,134.481
19.5783,-0.296914,-1.40131,-57.2369
19.5837,-0.296914,0,260.127
19.6096,-0.332407,-1.37254,-53.0778
19.6137,-0.332407,0,332.906
19.6421,-0.368908,-1.28472,-45.2174
19.6437,-0.368908,0,824.489
19.6733,-0.396991,-0.949391,-32.0962
19.6735,-0.396991,0,4883.17
19.704,-0.396991,0,0
19.7056,-0.436006,-24.1281,-14921.5
19.7339,-0.436006,0,853.264
19.7379,-0.4762,-10.0435,-2509.62
19.7639,-0.4762,0,385.941
19.7694,-0.4762,0,0
19.7937,-0.4762,0,0
19.8026,-0.4762,0,0
19.824,-0.4762,0,0
19.8335,-0.446115,3.17618,335.319
19.8539,-0.446115,0,-155.543
19.8658,-0.368908,6.50919,548.779
19.8838,-0.368908,0,-360.755
19.8972,-0.271139,7.27569,541.433
19.9139,-0.271139,0,-437.408
19.9298,-0.157833,7.12896,448.539
19.9438,-0.157833,0,-507.809
19.9619,-0.0611747,5.3297,293.878
19.9738,-0.0611747,0,-448.847
19.9934,-0.00536404,2.84876,145.41
20.0038,-0.00536404,0,-275.157
20.0255,0.0547791,2.76111,126.76
20.0337,0.0547791,0,-336.903
20.0578,0.130664,3.15247,130.962
20.0636,0.130664,0,-541.225
20.0894,0.196221,2.54596,98.8749
20.0937,0.196221,0,-586.474
20.1215,0.241824,1.64457,59.3071
20.1237,0.241824,0,-732.303
20.1532,0.279944,1.29315,43.8682
20.1536,0.279944,0,-2945.56
20.1839,0.279944,0,0
20.1857,0.311664,17.9055,10107.4
20.2138,0.311664,0,-635.402
20.2177,0.342313,7.96014,2067.39
20.2438,0.342313,0,-304.862
20.2495,0.371915,5.22206,921.242
20.2738,0.371915,0,-214.72
20.3039,0.371915,0,0
20.3338,0.371915,0,0
20.3641,0.371915,0,0
20.3938,0.371915,0,0
20.4238,0.371915,0,0
20.4543,0.371915,0,0
20.4839,0.371915,0,0
20.514,0.371915,0,0
20.5438,0.371915,0,0
20.5739,0.371915,0,0
20.6039,0.371915,0,0
20.6339,0.371915,0,0
20.6639,0.371915,0,0
20.6939,0.371915,0,0
20.7241,0.371915,0,0
20.754,0.371915,0,0
20.7843,0.371915,0,0
20.814,0.371915,0,0
20.844,0.371915,0,0
20.8739,0.371915,0,0
20.9038,0.371915,0,0
20.9338,0.371915,0,0
20.9538,0.366642,-0.263967,-13.2145
20.9638,0.366642,0,26.3237
20.9854,0.366642,0,0
20.9937,0.366642,0,0
21.0181,0.366642,0,0
21.0239,0.366642,0,0
21.049,0.349875,-0.668507,-26.6547
21.0539,0.349875,0,138.294
21.0823,0.338192,-0.411183,-14.4706
21.0836,0.338192,0,307.329
21.1135,0.332394,-0.194034,-6.49377
21.1135,0.332394,0,0
21.1439,0.332394,0,0
21.1457,0.32663,-3.11539,-1683.77
21.1738,0.32663,0,110.848
21.1777,0.320757,-1.50989,-388.19
21.2039,0.320757,0,57.7371
21.2094,0.314742,-1.09398,-198.965
21.2339,0.314742,0,44.6677
21.2417,0.314742,0,0
21.2639,0.314742,0,0
21.2739,0.314742,0,0
21.2939,0.314742,0,0
21.3059,0.314742,0,0
21.3238,0.314742,0,0
21.337,0.314742,0,0
21.3539,0.314742,0,0
21.3699,0.309077,-0.35402,-22.1233
21.384,0.309077,0,25.1223
21.392,0.296829,-1.53062,-191.281
21.4139,0.296829,0,69.8492
21.4438,0.296829,0,0
21.4737,0.296829,0,0
21.5039,0.296829,0,0
21.534,0.296829,0,0
21.5638,0.296829,0,0
21.5939,0.296829,0,0
21.624,0.296829,0,0
21.6539,0.296829,0,0
21.6839,0.296829,0,0
21.714,0.296829,0,0
21.7438,0.296829,0,0
21.7739,0.296829,0,0
21.8039,0.296829,0,0
21.8338,0.296829,0,0
21.8639,0.296829,0,0
21.8942,0.296829,0,0
21.9237,0.296829,0,0
21.9538,0.296829,0,0
21.9839,0.296829,0,0
22.0138,0.296829,0,0
22.0439,0.296829,0,0
22.0439,0.296856,0,0
22.0738,0.296856,0,0
22.0739,0.296856,0,0
22.1037,0.296856,0,0
22.1057,0.309522,6.19734,3032.1
22.1338,0.309522,0,-221.013
22.1374,0.328179,5.12738,1409.18
22.164,0.328179,0,-192.706
22.1693,0.352551,4.64753,886.249
22.194,0.352551,0,-188.017
22.2015,0.370563,2.39915,319.551
22.2239,0.370563,0,-107.173
22.2334,0.394018,2.45531,257.03
22.2538,0.394018,0,-120.498
22.2655,0.411442,1.4965,128.527
22.2838,0.411442,0,-81.4914
22.2971,0.434059,1.70513,128.55
22.3138,0.434059,0,-101.906
22.3299,0.450631,1.02994,64.0135
22.3439,0.450631,0,-73.7223
22.3621,0.488269,2.06529,113.327
22.3739,0.488269,0,-174.688
22.3939,0.549132,3.04017,151.86
22.4038,0.549132,0,-307.497
22.4251,0.600806,2.42985,114.259
22.4339,0.600806,0,-276.142
22.4578,0.631473,1.28207,53.5983
22.4639,0.631473,0,-211.523
22.4902,0.635669,0.159578,6.06865
22.4938,0.635669,0,-44.5547
22.5216,0.656457,0.747306,26.8645
22.5237,0.656457,0,-348.062
22.5532,0.683873,0.930323,31.5696
22.5536,0.683873,0,-2298.8
22.584,0.683873,0,0
22.5854,0.709479,17.5756,12063.7
22.6139,0.709479,0,-617.412
22.6173,0.723291,4.1383,1239.9
22.644,0.723291,0,-154.642
22.6495,0.726621,0.604186,109.626
22.674,0.726621,0,-24.7208
22.6823,0.726621,0,0
22.704,0.726621,0,0
22.7137,0.729928,0.340331,35.0166
22.7339,0.729928,0,-16.887
22.746,0.729928,0,0
22.7638,0.729928,0,0
22.7779,0.729928,0,0
22.7939,0.729928,0,0
22.8096,0.733179,0.207302,13.2211
22.8239,0.733179,0,-14.4627
22.8423,0.733179,0,0
22.8539,0.733179,0,0
22.8709,0.733179,0,0
22.8839,0.733179,0,0
22.914,0.733179,0,0
22.9439,0.733179,0,0
22.974,0.733179,0,0
23.0038,0.733179,0,0
23.0338,0.733179,0,0
23.0638,0.733179,0,0
23.0939,0.733179,0,0
23.1239,0.733179,0,0
23.1538,0.733179,0,0
23.184,0.733179,0,0
23.2139,0.733179,0,0
23.2441,0.733179,0,0
23.2739,0.733179,0,0
23.3039,0.733179,0,0
23.3339,0.733179,0,0
23.3638,0.733179,0,0
23.394,0.733179,0,0
23.4237,0.733179,0,0
23.4538,0.733179,0,0
23.484,0.733179,0,0
23.5138,0.733179,0,0
23.544,0.733179,0,0
23.574,0.733179,0,0
23.6039,0.733179,0,0
23.6337,0.733179,0,0
23.6637,0.733179,0,0
23.6944,0.733179,0,0
23.724,0.733179,0,0
23.7538,0.733179,0,0
23.7841,0.733179,0,0
23.8138,0.733179,0,0
23.8438,0.733179,0,0
23.8738,0.733179,0,0
23.9039,0.733179,0,0
23.9338,0.733179,0,0
23.9638,0.733179,0,0
23.9939,0.733179,0,0
24.0239,0.733179,0,0
24.0538,0.733179,0,0
24.0837,0.733179,0,0
24.1137,0.733179,0,0
24.1444,0.733179,0,0
24.1738,0.733179,0,0
24.2042,0.733179,0,0
24.2338,0.733179,0,0
24.2637,0.733179,0,0
24.2938,0.733179,0,0
24.324,0.733179,0,0
24.3538,0.733179,0,0
24.3837,0.733179,0,0
24.4138,0.733179,0,0
24.4439,0.733179,0,0
24.4738,0.733179,0,0
24.5038,0.733179,0,0
24.5338,0.733179,0,0
24.5638,0.733179,0,0
24.5939,0.733179,0,0
24.6237,0.733179,0,0
24.6538,0.733179,0,0
24.6838,0.733179,0,0
24.714,0.733179,0,0
24.744,0.733179,0,0
24.7738,0.733179,0,0
24.8041,0.733179,0,0
24.8337,0.733179,0,0
24.8637,0.733179,0,0
24.8938,0.733179,0,0
24.9237,0.733179,0,0
24.9538,0.733179,0,0
24.9839,0.733179,0,0
25.0137,0.733179,0,0
25.0439,0.733179,0,0
25.0738,0.733179,0,0
25.1038,0.733179,0,0
25.1341,0.733179,0,0
25.1638,0.733179,0,0
25.1939,0.733179,0,0
25.224,0.733179,0,0
25.2537,0.733179,0,0
25.2837,0.733179,0,0
25.3139,0.733179,0,0
25.3437,0.733179,0,0
25.3738,0.733179,0,0
25.4037,0.733179,0,0
25.4339,0.733179,0,0
25.464,0.733179,0,0
25.4938,0.733179,0,0
25.5239,0.733179,0,0
25.554,0.733179,0,0
25.584,0.733179,0,0
25.6,0.733179,0,0
25.6141,0.733179,0,0
25.6253,0.733065,-0.0101897,-0.91176
25.644,0.733065,0,0.54526
25.6574,0.731738,-0.0985019,-7.31375
25.6739,0.731738,0,6.00555
25.6898,0.730373,-0.0853882,-5.33893
25.7038,0.730373,0,6.10657
25.7213,0.729309,-0.0608568,-3.48043
25.7337,0.729309,0,4.89607
25.754,0.728794,-0.0254041,-1.25329
25.7637,0.728794,0,2.61091
25.7865,0.728584,-0.00919193,-0.403993
25.7937,0.728584,0,1.27398
25.8185,0.728374,-0.0085115,-0.343852
25.8238,0.728374,0,1.59568
25.8496,0.727782,-0.0229552,-0.89062
25.8537,0.727782,0,5.51832
25.8817,0.72717,-0.0218925,-0.783337
25.8837,0.72717,0,10.6502
25.9137,0.72569,-0.0493934,-1.64765
25.9138,0.72569,0,0
25.9438,0.72569,0,0
25.9457,0.72488,-0.424858,-222.944
25.9737,0.72488,0,15.1885
25.9779,0.723014,-0.450616,-108.823
26.0038,0.723014,0,17.3584
26.0094,0.720895,-0.378595,-67.6491
26.0339,0.720895,0,15.4358
26.0418,0.717951,-0.372828,-47.2045
26.0638,0.717951,0,16.9812
26.0732,0.715809,-0.228561,-24.391
26.0939,0.715809,0,11.0009
26.1056,0.713151,-0.227217,-19.4273
26.1238,0.713151,0,12.4871
26.1373,0.711334,-0.135098,-10.0448
26.1538,0.711334,0,8.16853
26.1707,0.708301,-0.179983,-10.6804
26.1839,0.708301,0,13.648
26.2012,0.707477,-0.0474745,-2.73456
26.2138,0.707477,0,3.78207
26.2339,0.706799,-0.0336957,-1.67429
26.2438,0.706799,0,3.4092
26.2658,0.706799,0,0
26.2739,0.706799,0,0
26.2982,0.706799,0,0
26.3038,0.706799,0,0
26.3302,0.706799,0,0
26.3336,0.706799,0,0
26.3337,0.706799,0,0
26.3639,0.706799,0,0
26.3937,0.706799,0,0
26.4238,0.706799,0,0
26.4537,0.706799,0,0
26.484,0.706799,0,0
26.5138,0.706799,0,0
26.5442,0.706799,0,0
26.574,0.706799,0,0
26.6038,0.706799,0,0
26.634,0.706799,0,0
26.6638,0.706799,0,0
26.6939,0.706799,0,0
26.7237,0.706799,0,0
26.7539,0.706799,0,0
26.784,0.706799,0,0
26.8138,0.706799,0,0
26.8438,0.706799,0,0
26.8737,0.706799,0,0
26.9039,0.706799,0,0
26.9338,0.706799,0,0
26.9638,0.706799,0,0
26.9943,0.706799,0,0
27.0019,0.706799,1.7746e-06,0.000234408
27.0238,0.706799,0,-8.10943e-05
27.0335,0.7093,0.257769,26.5625
27.0538,0.7093,0,-12.7104
27.0659,0.710944,0.13579,11.2186
27.084,0.710944,0,-7.49043
27.0981,0.710344,-0.0423985,-2.99459
27.1138,0.710344,0,2.7004
27.1297,0.708164,-0.137873,-8.72197
27.1439,0.708164,0,9.71246
27.162,0.704451,-0.204623,-11.2764
27.1737,0.704451,0,17.4654
27.1944,0.702476,-0.0954666,-4.61375
27.2037,0.702476,0,10.2211
27.2254,0.698519,-0.18283,-8.44799
27.2338,0.698519,0,21.6143
27.2577,0.687326,-0.469036,-19.6555
27.2638,0.687326,0,77.0228
27.2895,0.678295,-0.351067,-13.6473
27.2937,0.678295,0,85.0324
27.3216,0.664365,-0.498011,-17.8031
27.3237,0.664365,0,241.119
27.3534,0.65013,-0.47869,-16.0976
27.3535,0.65013,0,0
27.384,0.65013,0,0
27.3856,0.634018,-10.4457,-6772.04
27.4139,0.634018,0,369.411
27.4177,0.615994,-4.72039,-1236.25
27.4438,0.615994,0,180.497
27.449,0.587957,-5.38959,-1036.05
27.4739,0.587957,0,216.648
27.4819,0.56555,-2.81498,-353.649
27.5038,0.56555,0,128.439
27.5139,0.53817,-2.70976,-268.183
27.5339,0.53817,0,135.392
27.5463,0.497809,-3.26098,-263.475
27.564,0.497809,0,184.564
27.5783,0.457167,-2.83776,-198.137
27.5939,0.457167,0,181.118
27.6101,0.437541,-1.21152,-74.7903
27.6239,0.437541,0,87.9603
27.6417,0.400895,-2.05548,-115.291
27.6537,0.400895,0,171.361
27.6737,0.362054,-1.94585,-97.4838
27.684,0.362054,0,188.475
27.7053,0.325557,-1.71305,-80.4051
27.7138,0.325557,0,203.213
27.738,0.30626,-0.79546,-32.79
27.7438,0.30626,0,136.703
27.7697,0.292078,-0.548872,-21.2421
27.7738,0.292078,0,132.518
27.8027,0.28172,-0.358857,-12.4326
27.8037,0.28172,0,367.288
27.8339,0.28172,0,0
27.834,0.276877,-40.6056,-340474
27.864,0.276877,0,1353.63
27.8659,0.25143,-13.1814,-6827.9
27.8939,0.25143,0,470.749
27.8973,0.226062,-7.3942,-2155.27
27.9238,0.226062,0,279.948
27.9289,0.183114,-8.42987,-1654.6
27.9538,0.183114,0,337.808
27.9619,0.149446,-4.16284,-514.716
27.984,0.149446,0,188.694
27.9934,0.120315,-3.09797,-329.46
28.0139,0.120315,0,150.726
28.0257,0.0725477,-4.04891,-343.196
28.044,0.0725477,0,221.319
28.0573,0.0287893,-3.2974,-248.474
28.074,0.0287893,0,197.611
28.0898,-0.0309476,-3.77006,-237.933
28.104,-0.0309476,0,265.649
28.1215,-0.0999896,-3.94651,-225.586
28.134,-0.0999896,0,316.339
28.1534,-0.14412,-2.26885,-116.649
28.164,-0.14412,0,215.412
28.185,-0.197669,-2.5424,-120.706
28.194,-0.197669,0,284.366
28.2174,-0.288252,-3.85946,-164.44
28.2238,-0.288252,0,608.476
28.2502,-0.376875,-3.35046,-126.667
28.2538,-0.376875,0,935.868
28.2817,-0.476269,-3.55803,-127.368
28.2837,-0.476269,0,1845.1
28.3134,-0.563459,-2.92996,-98.4594
28.3135,-0.563459,0,0
28.344,-0.563459,0,0
28.3458,-0.586244,-13.0181,-7437.79
28.3739,-0.586244,0,462.185
28.3783,-0.586244,0,0
28.4038,-0.586244,0,0
28.4092,-0.586244,0,0
28.4339,-0.586244,0,0
28.4418,-0.586244,0,0
28.464,-0.586244,0,0
28.4735,-0.586244,0,0
28.494,-0.586244,0,0
28.5059,-0.586244,0,0
28.524,-0.586244,0,0
28.5382,-0.574755,0.807875,56.8067
28.5539,-0.574755,0,-51.6193
28.5697,-0.574755,0,0
28.5838,-0.574755,0,0
28.6012,-0.528603,2.64369,151.436
28.6138,-0.528603,0,-210.045
28.6337,-0.4349,4.70582,236.329
28.6441,-0.4349,0,-455.224
28.6656,-0.385963,2.27605,105.858
28.6739,-0.385963,0,-274.183
28.6982,-0.330813,2.26315,92.8717
28.7041,-0.330813,0,-387.492
28.7293,-0.288252,1.69073,67.1645
28.7338,-0.288252,0,-369.025
28.7615,-0.262038,0.946689,34.1882
28.7637,-0.262038,0,-430.438
28.7937,-0.262038,0,0
28.794,-0.245895,77.2562,369723
28.8012,-0.237922,1.10709,-10574.1
28.8239,-0.237922,0,-48.7746
28.854,-0.237922,0,0
28.8838,-0.237922,0,0
28.9139,-0.237922,0,0
28.9439,-0.237922,0,0
28.9738,-0.237922,0,0
29.004,-0.237922,0,0
29.0338,-0.237922,0,0
29.0642,-0.237922,0,0
29.0939,-0.237922,0,0
29.1239,-0.237922,0,0
29.1538,-0.237922,0,0
29.1838,-0.237922,0,0
29.2142,-0.237922,0,0
29.2439,-0.237922,0,0
29.2738,-0.237922,0,0
29.304,-0.237922,0,0
29.3339,-0.237922,0,0
29.3642,-0.237922,0,0
29.3938,-0.237922,0,0
29.4238,-0.237922,0,0
29.454,-0.237922,0,0
29.4841,-0.237922,0,0
29.5138,-0.237922,0,0
29.5442,-0.237922,0,0
29.5739,-0.237922,0,0
29.6038,-0.237922,0,0
29.6339,-0.237922,0,0
29.6638,-0.237922,0,0
29.6938,-0.237922,0,0
29.7237,-0.237922,0,0
29.7538,-0.237922,0,0
29.7838,-0.237922,0,0
29.785,-0.23793,-0.00660811,-5.39914
29.8139,-0.23793,0,0.22852
29.8174,-0.218684,5.49517,1569
29.8439,-0.218684,0,-207.395
29.8492,-0.178948,7.50415,1417.16
29.8738,-0.178948,0,-305.032
29.8815,-0.147593,4.09422,534.596
29.9038,-0.147593,0,-183.256
29.913,-0.12649,2.30956,252.775
29.9339,-0.12649,0,-110.284
29.9457,-0.101662,2.1099,179.298
29.9639,-0.101662,0,-115.911
29.9777,-0.0960413,0.405469,29.2495
29.9939,-0.0960413,0,-25.0757
30.0103,-0.0906624,0.328969,20.1193
30.0239,-0.0906624,0,-24.1825
30.0415,-0.0857013,0.28092,15.9071
30.0539,-0.0857013,0,-22.722
30.0738,-0.0761088,0.482706,24.2903
30.0839,-0.0761088,0,-47.6854
30.1058,-0.0654866,0.485089,22.1528
30.1138,-0.0654866,0,-60.7171
30.1386,-0.051667,0.556121,22.3791
30.1437,-0.051667,0,-110.005
30.1697,-0.0417201,0.382654,14.7206
30.1737,-0.0417201,0,-94.8062
30.2014,-0.0358033,0.21367,7.71621
30.2037,-0.0358033,0,-94.5804
30.2328,-0.0339901,0.0621961,2.13333
30.2336,-0.0339901,0,-79.6922
30.2638,-0.0339901,0,0
30.2654,-0.037029,-1.88277,-1166.48
30.294,-0.037029,0,65.9169
30.2972,-0.044378,-2.29649,-717.63
30.3239,-0.044378,0,86.1001
30.3296,-0.0599094,-2.71829,-475.753
30.3541,-0.0599094,0,110.634
30.3619,-0.080458,-2.64157,-339.579
30.3841,-0.080458,0,118.847
30.3932,-0.0979012,-1.93135,-213.844
30.414,-0.0979012,0,92.7905
30.4254,-0.118055,-1.75851,-153.437
30.4441,-0.118055,0,94.0513
30.4573,-0.149689,-2.40611,-183.009
30.4739,-0.149689,0,144.655
30.4895,-0.182726,-2.12454,-136.626
30.504,-0.182726,0,145.983
30.5209,-0.22659,-2.59239,-153.21
30.5338,-0.22659,0,202.216
30.553,-0.276984,-2.61674,-135.877
30.5637,-0.276984,0,245.864
30.5856,-0.351725,-3.41161,-155.725
30.5939,-0.351725,0,409.938
30.6178,-0.413461,-2.58438,-108.186
30.6238,-0.413461,0,426.694
30.6497,-0.452626,-1.51705,-58.7618
30.6537,-0.452626,0,372.679
30.6816,-0.473001,-0.730626,-26.1999
30.6837,-0.473001,0,343.406
30.7132,-0.516732,-1.48314,-50.3002
30.7136,-0.516732,0,4433.21
30.7439,-0.516732,0,0
30.746,-0.564427,-22.8692,-10965.6
30.7737,-0.564427,0,823.794
30.7773,-0.616711,-14.4938,-4017.9
30.8039,-0.616711,0,545.641
30.8094,-0.675097,-10.7017,-1961.51
30.8338,-0.675097,0,438.434
30.8417,-0.723036,-6.07863,-770.767
30.864,-0.723036,0,272.557
30.8737,-0.795404,-7.41658,-760.082
30.8939,-0.795404,0,367.135
30.906,-0.837614,-3.50485,-291.019
30.9238,-0.837614,0,196.297
30.9375,-0.837614,0,0
30.9539,-0.837614,0,0
30.97,-0.837614,0,0
30.9841,-0.837614,0,0
31.0013,-0.837614,0,0
31.0136,-0.837614,0,0
31.0138,-0.837614,0,0
31.0439,-0.837614,0,0
31.0739,-0.837614,0,0
31.1039,-0.837614,0,0
31.1339,-0.837614,0,0
31.1636,-0.837614,0,0
31.1938,-0.837614,0,0
31.224,-0.837614,0,0
31.2542,-0.837614,0,0
31.284,-0.837614,0,0
31.3139,-0.837614,0,0
31.3439,-0.837614,0,0
31.3741,-0.837614,0,0
31.4039,-0.837614,0,0
31.4337,-0.837614,0,0
31.4637,-0.837614,0,0
31.494,-0.837614,0,0
31.5238,-0.837614,0,0
31.554,-0.837614,0,0
31.5838,-0.837614,0,0
31.6138,-0.837614,0,0
31.644,-0.837614,0,0
31.6738,-0.837614,0,0
31.704,-0.837614,0,0
31.7339,-0.837614,0,0
31.7641,-0.837614,0,0
31.7941,-0.837614,0,0
31.8237,-0.837614,0,0
31.8537,-0.837614,0,0
31.8657,-0.838252,-0.0533114,-4.45796
31.8838,-0.838252,0,2.93044
31.8981,-0.826475,0.82892,58.3427
31.9139,-0.826475,0,-52.2563
31.9296,-0.778902,3.03297,193.367
31.9439,-0.778902,0,-212.417
31.9611,-0.686734,5.36654,312.468
31.9739,-0.686734,0,-419.277
31.9938,-0.594751,4.62227,232.275
32.0039,-0.594751,0,-453.244
32.0256,-0.511236,3.86015,178.422
32.0341,-0.511236,0,-450.829
32.0576,-0.465164,1.96765,84.0333
32.0638,-0.465164,0,-315.114
32.0895,-0.415235,1.94264,75.5854
32.0939,-0.415235,0,-438.852
32.1217,-0.371794,1.56628,56.4721
32.1236,-0.371794,0,-803.984
32.153,-0.344724,0.92137,31.3606
32.1536,-0.344724,0,-1427.58
32.1838,-0.344724,0,0
32.1858,-0.324371,10.3646,5278.03
32.2141,-0.324371,0,-366.027
32.218,-0.309635,3.77195,965.488
32.2439,-0.309635,0,-145.495
32.2497,-0.306358,0.570695,99.4004
32.2737,-0.306358,0,-23.7354
32.2816,-0.317818,-1.45754,-185.375
32.3038,-0.317818,0,65.6731
32.3136,-0.347865,-3.04773,-309.143
32.3338,-0.347865,0,151.345
32.3456,-0.369369,-1.81408,-153.033
32.3641,-0.369369,0,98.0192
32.3773,-0.400132,-2.34003,-177.995
32.3938,-0.400132,0,141.258
32.4099,-0.406312,-0.384639,-23.9417
32.4239,-0.406312,0,27.5598
32.4416,-0.406312,0,0
32.4538,-0.406312,0,0
32.4737,-0.406312,0,0
32.484,-0.406312,0,0
32.5059,-0.416262,-0.455247,-20.8284
32.5139,-0.416262,0,56.7198
32.538,-0.428013,-0.486864,-20.1724
32.5437,-0.428013,0,85.7615
32.5696,-0.446377,-0.709609,-27.4206
32.5737,-0.446377,0,173.61
32.6017,-0.473426,-0.965124,-34.4357
32.6036,-0.473426,0,503.681
32.6337,-0.473426,0,0
32.6337,-0.479904,0,0
32.6638,-0.479904,0,0
32.6657,-0.479904,0,0
32.6939,-0.479904,0,0
32.6982,-0.479904,0,0
32.7239,-0.479904,0,0
32.73,-0.479904,0,0
32.7538,-0.479904,0,0
32.7611,-0.479904,0,0
32.7839,-0.479904,0,0
32.7932,-0.452842,2.91915,314.89
32.8139,-0.452842,0,-140.638
32.8254,-0.416262,3.19101,278.365
32.8439,-0.416262,0,-172.03
32.8574,-0.365597,3.75863,278.837
32.8739,-0.365597,0,-228.289
32.8898,-0.331732,2.12807,133.729
32.9037,-0.331732,0,-152.359
32.9213,-0.316071,0.893765,51.005
32.9342,-0.316071,0,-69.0273
32.954,-0.307299,0.443551,22.4276
32.9638,-0.307299,0,-45.2913
32.9853,-0.307029,0.0125569,0.583972
32.9938,-0.307029,0,-1.48363
33.0178,-0.322254,-0.63442,-26.4352
33.0239,-0.322254,0,103.81
33.0498,-0.352576,-1.16806,-44.996
33.0539,-0.352576,0,285.227
33.0817,-0.40687,-1.95599,-70.4671
33.0836,-0.40687,0,1011.89
33.1138,-0.45434,-1.57485,-52.2471
33.1138,-0.45434,0,0
33.1438,-0.45434,0,0
33.1454,-0.498589,-27.7017,-17342.3
33.1737,-0.498589,0,980.566
33.1772,-0.5367,-10.7615,-3038.74
33.2043,-0.5367,0,397.033
33.2093,-0.557776,-4.2375,-851.98
33.2339,-0.557776,0,172.209
33.2417,-0.585878,-3.58643,-457.7
33.2639,-0.585878,0,161.677
33.2732,-0.609621,-2.54712,-273.254
33.2941,-0.609621,0,121.824
33.3061,-0.625992,-1.37101,-114.816
33.3237,-0.625992,0,77.8584
33.3378,-0.633788,-0.553015,-39.2296
33.3538,-0.633788,0,34.4545
33.3703,-0.641924,-0.493813,-29.9721
33.384,-0.641924,0,36.2017
33.4015,-0.641924,0,0
33.414,-0.641924,0,0
33.4332,-0.641924,0,0
33.4436,-0.641924,0,0
33.4438,-0.641924,0,0
33.4452,-0.641924,0,0
33.4738,-0.641924,0,0
33.5038,-0.641924,0,0
33.5338,-0.641924,0,0
33.564,-0.641924,0,0
33.5939,-0.641924,0,0
33.6239,-0.641924,0,0
33.6539,-0.641924,0,0
33.6842,-0.641924,0,0
33.7139,-0.641924,0,0
33.7439,-0.641924,0,0
33.774,-0.641924,0,0
33.8039,-0.641924,0,0
33.8338,-0.641924,0,0
33.8638,-0.641924,0,0
33.8943,-0.641924,0,0
33.9238,-0.641924,0,0
33.9541,-0.641924,0,0
33.9839,-0.641924,0,0
34.0138,-0.641924,0,0
34.0439,-0.641924,0,0
34.0738,-0.641924,0,0
34.1038,-0.641924,0,0
34.134,-0.641924,0,0
34.1638,-0.641924,0,0
34.1939,-0.641924,0,0
34.224,-0.641924,0,0
34.2538,-0.641924,0,0
34.2838,-0.641924,0,0
34.314,-0.641924,0,0
34.3439,-0.641924,0,0
34.3738,-0.641924,0,0
34.404,-0.641924,0,0
34.434,-0.641924,0,0
34.4637,-0.641924,0,0
34.4938,-0.641924,0,0
34.5237,-0.641924,0,0
34.5536,-0.641924,0,0
34.5837,-0.641924,0,0
34.6137,-0.641924,0,0
34.6437,-0.641924,0,0
34.6739,-0.641924,0,0
34.7037,-0.641924,0,0
34.7338,-0.641924,0,0
34.7637,-0.641924,0,0
34.7937,-0.641924,0,0
34.8237,-0.641924,0,0
34.8539,-0.641924,0,0
34.8838,-0.641924,0,0
34.9137,-0.641924,0,0
34.9438,-0.641924,0,0
34.9738,-0.641924,0,0
35.0041,-0.641924,0,0
35.0337,-0.641924,0,0
35.0638,-0.641924,0,0
35.0938,-0.641924,0,0
35.1239,-0.641924,0,0
35.1538,-0.641924,0,0
35.1839,-0.641924,0,0
35.2138,-0.641924,0,0
35.2438,-0.641924,0,0
35.2738,-0.641924,0,0
35.3038,-0.641924,0,0
35.3338,-0.641924,0,0
35.364,-0.641924,0,0
35.3938,-0.641924,0,0
35.4238,-0.641924,0,0
35.4537,-0.641924,0,0
35.4836,-0.641924,0,0
35.4842,-0.631381,17.5001,29048.4
35.5137,-0.631381,0,-593.717
35.5138,-0.631381,0,0
35.544,-0.631381,0,0
35.5458,-0.642052,-5.66211,-3004.38
35.5739,-0.642052,0,201.978
35.5775,-0.652874,-2.95451,-806.616
35.6038,-0.652874,0,112.596
35.609,-0.675068,-4.2285,-805.623
35.6338,-0.675068,0,170.589
35.642,-0.737971,-7.63859,-927.595
35.664,-0.737971,0,347.856
35.6734,-0.807795,-7.39586,-783.377
35.6939,-0.807795,0,362.123
35.7054,-0.887942,-6.92218,-597.861
35.7238,-0.887942,0,376.756
35.7372,-0.945441,-4.29457,-320.755
35.7539,-0.945441,0,258.035
35.7692,-0.984072,-2.52237,-164.696
35.7841,-0.984072,0,168.776
35.8016,-1.08408,-5.71742,-326.857
35.8137,-1.08408,0,474.159
35.8334,-1.24095,-7.94673,-402.569
35.8438,-1.24095,0,763.686
35.8739,-1.24095,0,0
35.8974,-1.31447,-3.12141,-132.524
35.9038,-1.31447,0,489.527
35.9337,-1.31447,0,0
35.9636,-1.31447,0,0
35.9938,-1.31447,0,0
36.0237,-1.31447,0,0
36.0539,-1.31447,0,0
36.0843,-1.31447,0,0
36.1138,-1.31447,0,0
36.1438,-1.31447,0,0
36.1738,-1.31447,0,0
36.185,-0.909979,35.9853,3201.41
36.2039,-0.909979,0,-1906.58
36.2168,-0.282131,48.5316,3751.4
36.234,-0.282131,0,-2835.31
36.2495,-0.113252,10.8918,702.459
36.2637,-0.113252,0,-765.884
36.2814,-0.100597,0.71253,40.117
36.2937,-0.100597,0,-58.226
36.3132,-0.0513591,2.52611,129.601
36.3239,-0.0513591,0,-234.464
36.3456,0.0362694,4.04577,186.791
36.3537,0.0362694,0,-501.417
36.3776,0.183598,6.15728,257.33
36.3836,0.183598,0,-1023.48
36.4092,-2.58481,-108.08,-4219.45
36.4138,-2.58481,0,23782.7
36.4414,-2.65915,-2.69279,-97.5519
36.4437,-2.65915,0,1150.98
36.4734,-2.68914,-1.01084,-34.0656
36.4736,-2.68914,0,6261.38
36.5038,-2.68914,0,0
36.5338,-2.68914,0,0
36.5638,-2.68914,0,0
36.5939,-2.68914,0,0
36.6239,-2.68914,0,0
36.654,-2.68914,0,0
36.684,-2.68914,0,0
36.7138,-2.68914,0,0
36.7439,-2.68914,0,0
36.7738,-2.68914,0,0
36.8038,-2.68914,0,0
36.8337,-2.68914,0,0
36.8639,-2.68914,0,0
36.894,-2.68914,0,0
36.9238,-2.68914,0,0
36.9539,-2.68914,0,0
36.9842,-2.68914,0,0
37.014,-2.68914,0,0
37.0439,-2.68914,0,0
37.0738,-2.68914,0,0
37.104,-2.68914,0,0
37.1337,-2.68914,0,0
37.1638,-2.68914,0,0
37.1942,-2.68914,0,0
37.2238,-2.68914,0,0
37.2538,-2.68914,0,0
37.2839,-2.68914,0,0
37.3138,-2.68914,0,0
37.3437,-2.68914,0,0
37.3737,-2.68914,0,0
37.4038,-2.68914,0,0
37.4338,-2.68914,0,0
37.4639,-2.68914,0,0
37.4938,-2.68914,0,0
37.5239,-2.68914,0,0
37.5538,-2.68914,0,0
37.5839,-2.68914,0,0
37.6138,-2.68914,0,0
37.6437,-2.68914,0,0
37.6738,-2.68914,0,0
37.7039,-2.68914,0,0
37.7339,-2.68914,0,0
37.7638,-2.68914,0,0
37.7938,-2.68914,0,0
37.824,-2.68914,0,0
37.8538,-2.68914,0,0
37.8837,-2.68914,0,0
37.9137,-2.68914,0,0
37.9439,-2.68914,0,0
37.9737,-2.68914,0,0
38.004,-2.68914,0,0
38.0339,-2.68914,0,0
38.0637,-2.68914,0,0
38.094,-2.68914,0,0
38.1238,-2.68914,0,0
38.1539,-2.68914,0,0
38.184,-2.68914,0,0
38.2137,-2.68914,0,0
38.2439,-2.68914,0,0
38.2739,-2.68914,0,0
38.3038,-2.68914,0,0
38.3339,-2.68914,0,0
38.3637,-2.68914,0,0
38.394,-2.68914,0,0
38.4237,-2.68914,0,0
38.4539,-2.68914,0,0
38.4838,-2.68914,0,0
38.5137,-2.68914,0,0
38.544,-2.68914,0,0
38.5737,-2.68914,0,0
38.6039,-2.68914,0,0
38.6338,-2.68914,0,0
38.6638,-2.68914,0,0
38.6938,-2.68914,0,0
38.7238,-2.68914,0,0
38.7542,-2.68914,0,0
38.784,-2.68914,0,0
38.8138,-2.68914,0,0
38.8443,-2.68914,0,0
38.8737,-2.68914,0,0
38.9039,-2.68914,0,0
38.9341,-2.68914,0,0
38.9639,-2.68914,0,0
38.9938,-2.68914,0,0
39.0238,-2.68914,0,0
39.0544,-2.68914,0,0
39.084,-2.68914,0,0
39.114,-2.68914,0,0
39.1442,-2.68914,0,0
39.1738,-2.68914,0,0
39.2039,-2.68914,0,0
39.234,-2.68914,0,0
39.2639,-2.68914,0,0
39.2941,-2.68914,0,0
39.3239,-2.68914,0,0
39.3537,-2.68914,0,0
39.3841,-2.68914,0,0
39.4138,-2.68914,0,0
39.4438,-2.68914,0,0
39.4739,-2.68914,0,0
39.5037,-2.68914,0,0
39.5338,-2.68914,0,0
39.5639,-2.68914,0,0
39.5938,-2.68914,0,0
39.6238,-2.68914,0,0
39.6537,-2.68914,0,0
39.6839,-2.68914,0,0
39.7141,-2.68914,0,0
39.7439,-2.68914,0,0
39.7739,-2.68914,0,0
39.8037,-2.68914,0,0
39.8338,-2.68914,0,0
39.8639,-2.68914,0,0
39.8937,-2.68914,0,0
39.9238,-2.68914,0,0
39.9537,-2.68914,0,0
39.9838,-2.68914,0,0
40.0138,-2.68914,0,0
40.0438,-2.68914,0,0
40.0738,-2.68914,0,0
40.1039,-2.68914,0,0
40.1339,-2.68914,0,0
40.1641,-2.68914,0,0
40.1938,-2.68914,0,0
40.2237,-2.68914,0,0
40.2545,-2.68914,0,0
40.2838,-2.68914,0,0
40.3137,-2.68914,0,0
40.344,-2.68914,0,0
40.3738,-2.68914,0,0
40.4038,-2.68914,0,0
40.4339,-2.68914,0,0
40.4638,-2.68914,0,0
40.4937,-2.68914,0,0
40.5239,-2.68914,0,0
40.5538,-2.68914,0,0
40.584,-2.68914,0,0
40.6137,-2.68914,0,0
40.6437,-2.68914,0,0
40.6738,-2.68914,0,0
40.7043,-2.68914,0,0
40.7338,-2.68914,0,0
40.7639,-2.68914,0,0
40.7938,-2.68914,0,0
40.8239,-2.68914,0,0
40.8539,-2.68914,0,0
40.8838,-2.68914,0,0
40.9138,-2.68914,0,0
40.9439,-2.68914,0,0
40.9738,-2.68914,0,0
41.0037,-2.68914,0,0
41.034,-2.68914,0,0
41.0637,-2.68914,0,0
41.0939,-2.68914,0,0
41.1237,-2.68914,0,0
41.1538,-2.68914,0,0
41.1839,-2.68914,0,0
41.2139,-2.68914,0,0
41.2437,-2.68914,0,0
41.2738,-2.68914,0,0
41.3044,-2.68914,0,0
41.334,-2.68914,0,0
41.3643,-2.68914,0,0
41.3942,-2.68914,0,0
41.4238,-2.68914,0,0
41.4539,-2.68914,0,0
41.4838,-2.68914,0,0
41.5138,-2.68914,0,0
41.5441,-2.68914,0,0
41.5739,-2.68914,0,0
41.6039,-2.68914,0,0
41.6341,-2.68914,0,0
41.6639,-2.68914,0,0
41.6938,-2.68914,0,0
41.724,-2.68914,0,0
41.7538,-2.68914,0,0
41.7839,-2.68914,0,0
41.814,-2.68914,0,0
41.8445,-2.68914,0,0
41.8739,-2.68914,0,0
41.9041,-2.68914,0,0
41.9338,-2.68914,0,0
41.9639,-2.68914,0,0
41.9939,-2.68914,0,0
42.0239,-2.68914,0,0
42.0539,-2.68914,0,0
42.0839,-2.68914,0,0
42.1139,-2.68914,0,0
42.1438,-2.68914,0,0
42.1738,-2.68914,0,0
42.2037,-2.68914,0,0
42.2339,-2.68914,0,0
42.2639,-2.68914,0,0
42.294,-2.68914,0,0
42.3239,-2.68914,0,0
42.3541,-2.68914,0,0
42.3841,-2.68914,0,0
42.4139,-2.68914,0,0
42.4437,-2.68914,0,0
42.4739,-2.68914,0,0
42.5039,-2.68914,0,0
42.5342,-2.68914,0,0
42.5639,-2.68914,0,0
42.594,-2.68914,0,0
42.6238,-2.68914,0,0
42.6539,-2.68914,0,0
42.6839,-2.68914,0,0
42.7138,-2.68914,0,0
42.7438,-2.68914,0,0
42.7739,-2.68914,0,0
42.804,-2.68914,0,0
42.834,-2.68914,0,0
42.864,-2.68914,0,0
42.894,-2.68914,0,0
42.9238,-2.68914,0,0
42.9539,-2.68914,0,0
42.9839,-2.68914,0,0
43.0138,-2.68914,0,0
43.0439,-2.68914,0,0
43.0739,-2.68914,0,0
43.1039,-2.68914,0,0
43.134,-2.68914,0,0
43.1637,-2.68914,0,0
43.1938,-2.68914,0,0
43.2239,-2.68914,0,0
43.254,-2.68914,0,0
43.284,-2.68914,0,0
43.3138,-2.68914,0,0
43.3441,-2.68914,0,0
43.3739,-2.68914,0,0
43.4039,-2.68914,0,0
43.4339,-2.68914,0,0
43.4639,-2.68914,0,0
43.4939,-2.68914,0,0
43.524,-2.68914,0,0
43.5539,-2.68914,0,0
43.584,-2.68914,0,0
43.6138,-2.68914,0,0
